{"cv_scores": [0.9838709677419355, 1.0, 0.9836065573770492, 1.0, 1.0], "mean_acc": 99.35, "std_acc": 0.8, "test_acc": 100.0}